{"name":"f46506ae-5fbc-4ad0-b974-b9d57ddd76ca","id":"/providers/Microsoft.Flow/flows/f46506ae-5fbc-4ad0-b974-b9d57ddd76ca","type":"Microsoft.Flow/flows","properties":{"apiId":"/providers/Microsoft.PowerApps/apis/shared_logicflows","displayName":"LCS API - Sample - Export database","definition":{"metadata":{"workflowEntityId":null,"creator":{"id":"8a3abbd8-e22e-4ba0-b36c-12aed20cd373","type":"User","tenantId":"8d3cdf8d-fc61-4142-9d65-03955f7adc6f"},"provisioningMethod":"FromDefinition","failureAlertSubscription":true,"clientLastModifiedTime":"2020-04-14T12:09:50.7381773Z"},"$schema":"https://schema.management.azure.com/providers/Microsoft.Logic/schemas/2016-06-01/workflowdefinition.json#","contentVersion":"1.0.0.0","parameters":{"$connections":{"defaultValue":{},"type":"Object"},"$authentication":{"defaultValue":{},"type":"SecureObject"}},"triggers":{"Can_be_also_an_action_and_event_from_other_connector_or_trigger":{"recurrence":{"frequency":"Week","interval":1,"timeZone":"Romance Standard Time","schedule":{"weekDays":["Monday","Tuesday","Wednesday","Thursday","Friday"],"hours":["19"],"minutes":[0]}},"type":"Recurrence"}},"actions":{"HTTP_-_Auth_Token_-_Careful_no_MFA_account_!":{"runAfter":{"LCS_PROJECT_ID":["Succeeded"]},"type":"Http","inputs":{"method":"POST","uri":"https://login.microsoftonline.com/common/oauth2/token","headers":{"Content-Type":"application/x-www-form-urlencoded"},"body":"grant_type=password\n&username=your_lcs_email_account@test.com\n&password=your_lcs_password_account\n&client_id=AAD_ClientId\n&client_secret=ADD_ClientSecret\n&resource=https://lcsapi.lcs.dynamics.com"}},"LCS_PROJECT_ID":{"runAfter":{},"type":"InitializeVariable","inputs":{"variables":[{"name":"LCS_ProjectID","type":"string","value":"xxxxxxxxx"}]}},"Parse_JSON_Auth":{"runAfter":{"HTTP_-_Auth_Token_-_Careful_no_MFA_account_!":["Succeeded"]},"type":"ParseJson","inputs":{"content":"@body('HTTP_-_Auth_Token_-_Careful_no_MFA_account_!')","schema":{"type":"object","properties":{"token_type":{"type":"string"},"scope":{"type":"string"},"expires_in":{"type":"string"},"ext_expires_in":{"type":"string"},"expires_on":{"type":"string"},"not_before":{"type":"string"},"resource":{"type":"string"},"access_token":{"type":"string"},"refresh_token":{"type":"string"}}}}},"backupName":{"runAfter":{"Parse_JSON_Auth":["Succeeded"]},"type":"InitializeVariable","inputs":{"variables":[{"name":"backupName","type":"string","value":"testFlow"}]}},"Export_database":{"runAfter":{"Initialize_variable":["Succeeded"]},"type":"Http","inputs":{"method":"POST","uri":"https://lcsapi.lcs.dynamics.com/databasemovement/v1/export/project/@{variables('LCS_ProjectID')}/environment/@{variables('exportEnvironmentId')}/backupName/@{variables('backupName')}","headers":{"Content-Type":"application/json","Authorization":"Bearer @{body('Parse_JSON_Auth')?['access_token']}"}}},"JSON_export_database":{"runAfter":{"Export_database":["Succeeded"]},"type":"ParseJson","inputs":{"content":"@body('Export_database')","schema":{"type":"object","properties":{"IsSuccess":{"type":"boolean"},"OperationActivityId":{"type":"string"},"ErrorMessage":{},"VersionEOL":{"type":"string"}}}}},"Condition_IsSuccess":{"actions":{"You_can_of_course_here_do_the_same_thing_Do_Until_to_fetch_status":{"runAfter":{},"metadata":{"flowSystemMetadata":{"swaggerOperationId":"SendEmailV3"}},"type":"ApiConnection","inputs":{"host":{"connection":{"name":"@parameters('$connections')['shared_sendmail']['connectionId']"},"api":{"runtimeUrl":"https://europe-002.azure-apim.net/apim/sendmail"}},"method":"post","body":{"to":"test@test.com","subject":"Database export in progress","text":"<p>LCS Project : @{variables('LCS_ProjectID')}<br>\nEnvironment Export : @{variables('exportEnvironmentId')}<br>\nBackupname : @{variables('backupName')}<br>\nDateTime : @{utcNow()}</p>","ishtml":true},"path":"/v3/mail/send","authentication":"@parameters('$authentication')"}}},"runAfter":{"JSON_export_database":["Succeeded"]},"else":{"actions":{"Do_want_you_want_":{"runAfter":{},"metadata":{"flowSystemMetadata":{"swaggerOperationId":"SendNotification"}},"type":"ApiConnection","inputs":{"host":{"connection":{"name":"@parameters('$connections')['shared_flowpush']['connectionId']"},"api":{"runtimeUrl":"https://europe-002.azure-apim.net/apim/flowpush"}},"method":"post","body":{"notificationText":"Export database ERROR / @{body('JSON_export_database')?['OperationActivityId']} / "},"path":"/sendNotification","authentication":"@parameters('$authentication')"}}}},"expression":{"equals":["@body('JSON_export_database')?['IsSuccess']",true]},"type":"If"},"Initialize_variable":{"runAfter":{"backupName":["Succeeded"]},"type":"InitializeVariable","inputs":{"variables":[{"name":"exportEnvironmentId","type":"string","value":"exportEnvironmentId"}]}}}},"connectionReferences":{"shared_sendmail":{"connectionName":"shared-sendmail-e063cafe-b7a5-4375-9f7c-a8378f6150d7","source":"Embedded","id":"/providers/Microsoft.PowerApps/apis/shared_sendmail","tier":"NotSpecified"},"shared_flowpush":{"connectionName":"shared-flowpush-5106f152-db33-4df3-a2b3-1fd3ca141771","source":"Embedded","id":"/providers/Microsoft.PowerApps/apis/shared_flowpush","tier":"NotSpecified"}},"flowFailureAlertSubscribed":false}}