{"name":"301cd46f-8817-42ea-a4b2-0c656ad29ff3","id":"/providers/Microsoft.Flow/flows/301cd46f-8817-42ea-a4b2-0c656ad29ff3","type":"Microsoft.Flow/flows","properties":{"apiId":"/providers/Microsoft.PowerApps/apis/shared_logicflows","displayName":"LCS API - Sample - Retrieve Database backup","definition":{"metadata":{"workflowEntityId":null,"creator":{"id":"8a3abbd8-e22e-4ba0-b36c-12aed20cd373","type":"User","tenantId":"8d3cdf8d-fc61-4142-9d65-03955f7adc6f"},"provisioningMethod":"FromDefinition","failureAlertSubscription":true,"clientLastModifiedTime":"2020-04-14T12:30:35.2322227Z"},"$schema":"https://schema.management.azure.com/providers/Microsoft.Logic/schemas/2016-06-01/workflowdefinition.json#","contentVersion":"1.0.0.0","parameters":{"$connections":{"defaultValue":{},"type":"Object"},"$authentication":{"defaultValue":{},"type":"SecureObject"}},"triggers":{"Change_here_your_recurence_or_trigger":{"recurrence":{"frequency":"Week","interval":1,"timeZone":"Romance Standard Time","schedule":{"weekDays":["Monday","Tuesday","Wednesday","Thursday","Friday"],"hours":["19"],"minutes":[0]}},"type":"Recurrence"}},"actions":{"HTTP_-_Auth_Token_-_Careful_no_MFA_account_!":{"runAfter":{"LCS_PROJECT_ID":["Succeeded"]},"type":"Http","inputs":{"method":"POST","uri":"https://login.microsoftonline.com/common/oauth2/token","headers":{"Content-Type":"application/x-www-form-urlencoded"},"body":"grant_type=password\n&username=your_lcs_email_account@test.com\n&password=your_lcs_password_account\n&client_id=AAD_ClientId\n&client_secret=ADD_ClientSecret\n&resource=https://lcsapi.lcs.dynamics.com"}},"Call_LCS_API":{"runAfter":{"Parse_JSON_Auth":["Succeeded"]},"type":"Http","inputs":{"method":"GET","uri":"https://lcsapi.lcs.dynamics.com/databasemovement/v1/databases/project/@{variables('LCS_ProjectID')}","headers":{"Content_Type":"application/json","Authorization":"Bearer @{body('Parse_JSON_Auth')?['access_token']}"}}},"LCS_PROJECT_ID":{"runAfter":{},"type":"InitializeVariable","inputs":{"variables":[{"name":"LCS_ProjectID","type":"string","value":"12345"}]}},"Parse_JSON_Auth":{"runAfter":{"HTTP_-_Auth_Token_-_Careful_no_MFA_account_!":["Succeeded"]},"type":"ParseJson","inputs":{"content":"@body('HTTP_-_Auth_Token_-_Careful_no_MFA_account_!')","schema":{"type":"object","properties":{"token_type":{"type":"string"},"scope":{"type":"string"},"expires_in":{"type":"string"},"ext_expires_in":{"type":"string"},"expires_on":{"type":"string"},"not_before":{"type":"string"},"resource":{"type":"string"},"access_token":{"type":"string"},"refresh_token":{"type":"string"}}}}},"Parse_JSON_Database_Backup":{"runAfter":{"Call_LCS_API":["Succeeded"]},"type":"ParseJson","inputs":{"content":"@body('Call_LCS_API')","schema":{"type":"object","properties":{"DatabaseAssets":{"type":"array","items":{"type":"object","properties":{"Id":{"type":"string"},"ProjectId":{"type":"integer"},"OrganizationId":{"type":"integer"},"Name":{"type":"string"},"FileName":{"type":"string"},"FileDescription":{},"FileLocation":{"type":"string"},"ModifiedDateTime":{"type":"string"},"CreatedDateTime":{"type":"string"},"CreatedByName":{},"ModifiedByName":{}},"required":["Id","ProjectId","OrganizationId","Name","FileName","FileDescription","FileLocation","ModifiedDateTime","CreatedDateTime","CreatedByName","ModifiedByName"]}},"IsSuccess":{"type":"boolean"},"OperationActivityId":{"type":"string"},"ErrorMessage":{},"VersionEOL":{"type":"string"}}}}},"Apply_to_each":{"foreach":"@body('Parse_JSON_Database_Backup')?['DatabaseAssets']","actions":{"Sad_news,_we_can't_download_the_.bacpac_and_upload_it_to_a_Sharepoint":{"runAfter":{},"metadata":{"flowSystemMetadata":{"swaggerOperationId":"SendEmailV3"}},"type":"ApiConnection","inputs":{"host":{"connection":{"name":"@parameters('$connections')['shared_sendmail']['connectionId']"},"api":{"runtimeUrl":"https://europe-002.azure-apim.net/apim/sendmail"}},"method":"post","body":{"to":"test@test.com","subject":"@items('Apply_to_each')?['FileName']","text":"<p>@{items('Apply_to_each')?['FileName']}<br>\n@{items('Apply_to_each')?['CreatedDateTime']}<br>\n@{items('Apply_to_each')?['FileLocation']}<br>\n@{items('Apply_to_each')?['Name']}<br>\n<br>\nWe can't download with HTTP REQUEST connector (GET) because we have a limitation of 100MB (at this time) for files in order after the upload the body content of the response to a Sharepoint Folder, Onedrive , Google Drive etc...<br>\n<br>\nBut, if you can, you can setup a Data gateway to an onPremise network file share folder and create an Azure Function that call a Powershell script that will download your file in your own network folder.</p>","ishtml":true},"path":"/v3/mail/send","authentication":"@parameters('$authentication')"}}},"runAfter":{"Parse_JSON_Database_Backup":["Succeeded"]},"type":"Foreach"}}},"connectionReferences":{"shared_sendmail":{"connectionName":"shared-sendmail-e063cafe-b7a5-4375-9f7c-a8378f6150d7","source":"Embedded","id":"/providers/Microsoft.PowerApps/apis/shared_sendmail","tier":"NotSpecified"}},"flowFailureAlertSubscribed":false}}