{"name":"4760d294-e98f-4588-b7d4-1ffe09b1979b","id":"/providers/Microsoft.Flow/flows/4760d294-e98f-4588-b7d4-1ffe09b1979b","type":"Microsoft.Flow/flows","properties":{"apiId":"/providers/Microsoft.PowerApps/apis/shared_logicflows","displayName":"LCS API - Sample - Refresh database","definition":{"metadata":{"workflowEntityId":null,"creator":{"id":"8a3abbd8-e22e-4ba0-b36c-12aed20cd373","type":"User","tenantId":"8d3cdf8d-fc61-4142-9d65-03955f7adc6f"},"provisioningMethod":"FromDefinition","failureAlertSubscription":true,"clientLastModifiedTime":"2020-04-14T11:53:41.9664975Z"},"$schema":"https://schema.management.azure.com/providers/Microsoft.Logic/schemas/2016-06-01/workflowdefinition.json#","contentVersion":"1.0.0.0","parameters":{"$connections":{"defaultValue":{},"type":"Object"},"$authentication":{"defaultValue":{},"type":"SecureObject"}},"triggers":{"Every_weekdays_for_me,_but_change_on_your_need_(careful_3_refresh_max_per_day)":{"recurrence":{"frequency":"Week","interval":1,"timeZone":"Romance Standard Time","schedule":{"weekDays":["Monday","Tuesday","Wednesday","Thursday","Friday"],"hours":["19"],"minutes":[0]}},"type":"Recurrence"}},"actions":{"HTTP_-_Auth_Token_-_Careful_no_MFA_account_!":{"runAfter":{"LCS_PROJECT_ID":["Succeeded"]},"type":"Http","inputs":{"method":"POST","uri":"https://login.microsoftonline.com/common/oauth2/token","headers":{"Content-Type":"application/x-www-form-urlencoded"},"body":"grant_type=password\n&username=your_lcs_email_account@test.com\n&password=your_lcs_password_account\n&client_id=AAD_ClientId\n&client_secret=ADD_ClientSecret\n&resource=https://lcsapi.lcs.dynamics.com"}},"LCS_PROJECT_ID":{"runAfter":{},"type":"InitializeVariable","inputs":{"variables":[{"name":"LCS_ProjectID","type":"string","value":"zzzzzzzzzz"}]}},"Parse_JSON_Auth":{"runAfter":{"HTTP_-_Auth_Token_-_Careful_no_MFA_account_!":["Succeeded"]},"type":"ParseJson","inputs":{"content":"@body('HTTP_-_Auth_Token_-_Careful_no_MFA_account_!')","schema":{"type":"object","properties":{"token_type":{"type":"string"},"scope":{"type":"string"},"expires_in":{"type":"string"},"ext_expires_in":{"type":"string"},"expires_on":{"type":"string"},"not_before":{"type":"string"},"resource":{"type":"string"},"access_token":{"type":"string"},"refresh_token":{"type":"string"}}}}},"targetEnvironment":{"runAfter":{"Parse_JSON_Auth":["Succeeded"]},"type":"InitializeVariable","inputs":{"variables":[{"name":"targetEnvironment","type":"string","value":"targetIdEnvironment"}]}},"Database_refresh_(production_to_UAT)":{"runAfter":{"sourceEnvironment":["Succeeded"]},"type":"Http","inputs":{"method":"POST","uri":"https://lcsapi.lcs.dynamics.com/databasemovement/v1/refresh/project/@{variables('LCS_ProjectID')}/source/@{variables('sourceEnvironment')}/target/@{variables('targetEnvironment')}","headers":{"Content-Type":"application/json","Authorization":"Bearer @{body('Parse_JSON_Auth')?['access_token']}"}}},"Parse_JSON_Database_Refresh":{"runAfter":{"Database_refresh_(production_to_UAT)":["Succeeded"]},"type":"ParseJson","inputs":{"content":"@body('Database_refresh_(production_to_UAT)')","schema":{"type":"object","properties":{"IsSuccess":{"type":"boolean"},"OperationActivityId":{"type":"string"},"ErrorMessage":{},"VersionEOL":{"type":"string"}}}}},"Condition":{"actions":{"Delay_until_(wait_1_hour_because_no_need_to_get_status_before_that)":{"runAfter":{},"type":"Wait","inputs":{"until":{"timestamp":"@{addHours(utcNow(),1)}"}}},"Do_until_-_Careful_Change_limits_up_to_300_(not_60)_-_Fetch_Status_every_5min":{"actions":{"LCS_API_-_Status_Refresh":{"runAfter":{"Parse_JSON_-_LCS_Authent_-_AutoRefresh":["Succeeded"]},"type":"Http","inputs":{"method":"GET","uri":"https://lcsapi.lcs.dynamics.com/databasemovement/v1/fetchstatus/project/@{variables('LCS_ProjectID')}/environment/@{variables('targetEnvironment')}/operationactivity/@{body('Parse_JSON_Database_Refresh')?['OperationActivityId']}","headers":{"Content-Type":"application/json","Authorization":"Bearer @{body('Parse_JSON_-_LCS_Authent_-_AutoRefresh')?['access_token']}"}}},"Delay":{"runAfter":{"Parse_JSON_Refresh_Status":["Succeeded"]},"type":"Wait","inputs":{"interval":{"count":5,"unit":"Minute"}}},"Parse_JSON_Refresh_Status":{"runAfter":{"LCS_API_-_Status_Refresh":["Succeeded"]},"type":"ParseJson","inputs":{"content":"@body('LCS_API_-_Status_Refresh')","schema":{"type":"object","properties":{"IsSuccess":{"type":"boolean"},"OperationActivityId":{"type":"string"},"ErrorMessage":{},"VersionEOL":{"type":"string"},"ProjectId":{"type":"integer"},"EnvironmentId":{"type":"string"},"ActivityId":{"type":"string"},"CompletionDate":{},"OperationStatus":{"type":"string"}}}}},"LCS_Authent_-_AutoRefresh_-_Refresh_Bearer_Token_(because_1h_expired)":{"runAfter":{},"type":"Http","inputs":{"method":"POST","uri":"https://login.microsoftonline.com/common/oauth2/token","headers":{"Content-Type":"application/x-www-form-urlencoded"},"body":"grant_type=password\n&username=your_lcs_email_account@test.com\n&password=your_lcs_password_account\n&client_id=AAD_ClientId\n&client_secret=ADD_ClientSecret\n&resource=https://lcsapi.lcs.dynamics.com"}},"Parse_JSON_-_LCS_Authent_-_AutoRefresh":{"runAfter":{"LCS_Authent_-_AutoRefresh_-_Refresh_Bearer_Token_(because_1h_expired)":["Succeeded"]},"type":"ParseJson","inputs":{"content":"@body('LCS_Authent_-_AutoRefresh_-_Refresh_Bearer_Token_(because_1h_expired)')","schema":{"type":"object","properties":{"token_type":{"type":"string"},"scope":{"type":"string"},"expires_in":{"type":"string"},"ext_expires_in":{"type":"string"},"expires_on":{"type":"string"},"not_before":{"type":"string"},"resource":{"type":"string"},"access_token":{"type":"string"},"refresh_token":{"type":"string"}}}}}},"runAfter":{"Delay_until_(wait_1_hour_because_no_need_to_get_status_before_that)":["Succeeded"]},"expression":"@not(equals(body('Parse_JSON_Refresh_Status')?['OperationStatus'], 'InProgress'))","limit":{"count":300,"timeout":"PT1H"},"type":"Until"},"Condition_Completed_or_SignOff":{"actions":{"See_the_email_body_!":{"runAfter":{},"metadata":{"flowSystemMetadata":{"swaggerOperationId":"SendEmailV3"}},"type":"ApiConnection","inputs":{"host":{"connection":{"name":"@parameters('$connections')['shared_sendmail']['connectionId']"},"api":{"runtimeUrl":"https://europe-002.azure-apim.net/apim/sendmail"}},"method":"post","body":{"to":"test@test.com","subject":"Database Refresh","text":"<p>You can of course here launch the Dynamics 365 FinOps Connector to call an ACTION to execute automatic changes (like batchjob on hold to wait, reactivate user access etc...) at the end for post refresh database. (See my article for that for more details).</p>","ishtml":true},"path":"/v3/mail/send","authentication":"@parameters('$authentication')"}}},"runAfter":{"Do_until_-_Careful_Change_limits_up_to_300_(not_60)_-_Fetch_Status_every_5min":["Succeeded"]},"else":{"actions":{"Hopefuly_we_can_in_future_to_resume_automatic_an_operation_if_error_:)":{"runAfter":{},"metadata":{"flowSystemMetadata":{"swaggerOperationId":"SendNotification"}},"type":"ApiConnection","inputs":{"host":{"connection":{"name":"@parameters('$connections')['shared_flowpush']['connectionId']"},"api":{"runtimeUrl":"https://europe-002.azure-apim.net/apim/flowpush"}},"method":"post","body":{"notificationText":"Database Refresh Error / @{body('Parse_JSON_Refresh_Status')?['OperationActivityId']} / @{body('Parse_JSON_Refresh_Status')?['OperationStatus']}"},"path":"/sendNotification","authentication":"@parameters('$authentication')"}}}},"expression":{"or":[{"equals":["@body('Parse_JSON_Refresh_Status')?['OperationStatus']","Completed"]},{"equals":["@body('Parse_JSON_Refresh_Status')?['OperationStatus']","SignedOff"]}]},"type":"If"}},"runAfter":{"Parse_JSON_Database_Refresh":["Succeeded"]},"else":{"actions":{"Send_me_a_mobile_notification_(but_do_what_you_want_!)":{"runAfter":{},"metadata":{"flowSystemMetadata":{"swaggerOperationId":"SendNotification"}},"type":"ApiConnection","inputs":{"host":{"connection":{"name":"@parameters('$connections')['shared_flowpush']['connectionId']"},"api":{"runtimeUrl":"https://europe-002.azure-apim.net/apim/flowpush"}},"method":"post","body":{"notificationText":"LCS Database Refresh can't be started / @{body('Parse_JSON_Database_Refresh')?['OperationActivityId']}"},"path":"/sendNotification","authentication":"@parameters('$authentication')"}}}},"expression":{"equals":["@body('Parse_JSON_Database_Refresh')?['IsSuccess']",true]},"type":"If"},"sourceEnvironment":{"runAfter":{"targetEnvironment":["Succeeded"]},"type":"InitializeVariable","inputs":{"variables":[{"name":"sourceEnvironment","type":"string","value":"sourceIdEnvironment"}]}}}},"connectionReferences":{"shared_sendmail":{"connectionName":"shared-sendmail-e063cafe-b7a5-4375-9f7c-a8378f6150d7","source":"Embedded","id":"/providers/Microsoft.PowerApps/apis/shared_sendmail","tier":"NotSpecified"},"shared_flowpush":{"connectionName":"shared-flowpush-5106f152-db33-4df3-a2b3-1fd3ca141771","source":"Embedded","id":"/providers/Microsoft.PowerApps/apis/shared_flowpush","tier":"NotSpecified"}},"flowFailureAlertSubscribed":false}}